SET @OLD_UNIQUE_CHECKS=@@UNIQUE_CHECKS, UNIQUE_CHECKS=0;
SET @OLD_FOREIGN_KEY_CHECKS=@@FOREIGN_KEY_CHECKS, FOREIGN_KEY_CHECKS=0;
SET @OLD_SQL_MODE=@@SQL_MODE, SQL_MODE='TRADITIONAL';

USE sbtour;

SET AUTOCOMMIT=0;
INSERT INTO city (city_id, city_name)
VALUES 
 (001,'서울'),
 (002,'부산'),
 (003,'대구'),
 (004,'인천'),
 (005,'광주'),
 (006,'대전'),
 (007,'울산'),
 (008,'제주'),
 (009,'상하이'),
 (010,'오사카'),
 (011,'도쿄'),
 (012,'벤쿠버'),
 (013,'다낭'),
 (014,'모스크바'),
 (015,'바스코'),
 (016,'런던'),
 (017,'뉴욕'),
 (018,'데데도'),
 (019,'몬트리올'),
 (020,'벤쿠버'),
 (021,'옥스퍼드'),
 (022,'퓌센'),
 (023,'파리'),
 (024,'홍콩'),
 (025,'로마'),
 (026,'마닐라'),
 (027,'타이난시'),
 (028,'하노이');
COMMIT;

/*--------------------------------------------------------*/
SET AUTOCOMMIT=0;
INSERT INTO  country (country_id, country_category, country_name)
VALUES 
 (01, '대한민국', '대한민국'),
 (02, '중국', '중국'),
 (03, '미주', '미국'),
 (04, '미주', '캐나다'),
 (05, '유럽', '영국'),
 (06, '유럽', '프랑스'),
 (07, '유럽', '독일'),
 (08, '유럽', '이탈리아'),
 (09, '유럽', '러시아'),
 (10, '동남아', '필리핀'),
 (11, '동남아', '대만'),
 (12, '동남아', '베트남'),
 (13, '일본', '일본'),
 (14, '중국', '홍콩'),
 (15, '미주', '브라질'),
 (16, '미주', '멕시코'),
 (17, '유럽', '오스트리아'),
 (18, '유럽', '포르투갈'),
 (19, '남태평양', '괌');
COMMIT;

/*--------------------------------------------------------*/
SET AUTOCOMMIT=0;
INSERT INTO tour(tour_id, country_id, city_id)
VALUES 
 (001, 01, 001), /*대한민국-서울*/
 (002, 01, 002), /*대한민국-부산*/
 (003, 01, 003), /*대한민국-대구*/
 (004, 01, 004), /*대한민국-인천*/
 (005, 01, 005), /*대한민국-광주*/
 (006, 01, 006), /*대한민국-대전*/
 (007, 01, 007), /*대한민국-울산*/
 (008, 02, 009), /*중국-상하이*/
 (009, 13, 010), /*일본-오사카*/
 (010, 13, 011), /*일본-도쿄*/
 (011, 04, 012), /*캐나다-벤쿠버*/
 (012, 09, 014), /*러시아-모스크바*/
 (013, 12, 013), /*베트남-다낭*/
 (014, 03, 017), /*미국-뉴욕*/
 (015, 04, 019), /*캐나다-몬트리올*/
 (016, 05, 016), /*영국-런던*/
 (017, 06, 023), /*프랑스-파리*/
 (018, 07, 022), /*독일-퓌센*/
 (019, 08, 025), /*이탈리아-로마*/
 (020, 09, 014), /*러시아-모스크바*/
 (021, 10, 026), /*필리핀-마닐라*/
 (022, 11, 027), /*대만-타이난시*/
 (023, 12, 028), /*베트남-하노이*/
 (024, 13, 010), /*일본-오사카*/
 (025, 14, 024); /*홍콩-홍콩*/
COMMIT;

/*--------------------------------------------------------------------------------------*/

SET AUTOCOMMIT=0;
INSERT INTO admin(admin_id, admin_name, admin_passwd)
VALUES ('admin_1', '난관리자1', '486');
COMMIT;
/*--------------------------------------------------------------------------------------*/
SET AUTOCOMMIT=0;
INSERT INTO customer(customer_id, customer_name, customer_passwd, customer_phone, customer_email, customer_account )
VALUES ('custromer_1', '난소비자1', '486', '010-1234-1234','sell1@gmmail.com', '국민 110-111-000000'),
('custromer_2', '난소비자2', '123', '010-1234-2222','sell2@gmmail.com', '국민 110-222-000000'),
('custromer_3', '난소비자3', '456', '010-1234-3333','sell3@gmmail.com', '국민 110-333-000000'),
('custromer_4', '난소비자4', '789', '010-1234-4444','sell4@gmmail.com', '국민 110-444-000000');
COMMIT;

/*--------------------------------------------------------------------------------------*/
SET AUTOCOMMIT=0;
INSERT INTO seller(seller_id, seller_name, seller_passwd, seller_phone, seller_email, seller_account )
VALUES 
('seller_1', '난판매자1', '486', '010-1234-1234','sell1@gmmail.com', '국민 110-111-000000'),
('seller_2', '난판매자2', '123', '010-2222-1234','sell2@gmmail.com', '국민 220-111-000000'),
('seller_3', '난판매자3', '456', '010-3333-1234','sell3@gmmail.com', '국민 330-111-000000'),
('seller_4', '난판매자4', '789', '010-4444-1234','sell4@gmmail.com', '국민 440-111-000000');
COMMIT;
/*--------------------------------------------------------------------------------------*/

SET AUTOCOMMIT=0;
INSERT INTO package(package_id, seller_id, tour_id, package_name, package_explanation, package_img, package_start, package_arrive, package_term, package_validity, package_cost, package_closed, package_hit)
VALUES 
('부산여행', '001', 002,'부산놀이','다함께 부산을','busan.jpg','2018/05/17', '2018/05/23', '2박3일', 3, 30, '2018/05/17', 0),
('상하이여행', 'seller_1', 008,'상하이놀이','다함께 상하이을','sanghae.jpg','2018/05/17', '2018/05/23', '2박3일', 3, 30, '2018/05/17', 0),
('오사카여행', 'seller_2', 009,'오사카놀이','다함께 오사카을','osaka.jpg','2018/06/04', '2018/06/07', '4박3일', 8, 30, '2018/06/01', 0),
('도쿄여행', 'seller_2', 010,'도쿄놀이','다함께 도쿄을','tokyo.jpg','2018/06/12', '2018/06/20', '9박8일', 8, 30, '2018/06/05', 0),
('벤쿠버여행', 'seller_3', 011,'벤쿠버놀이','다함께 벤쿠버을','Vancouver.jpg','2018/07/02', '2018/07/10', '9박8일', 15, 30, '2018/06/30', 0),
('다낭여행', 'seller_4', 013,'다낭놀이','다함께 다낭을','danang.jpg','2018/07/20', '2018/07/25', '6박5일', 12, 30, '2018/07/15', 0);
COMMIT;/*날짜, 기간 선택*/

SET AUTOCOMMIT=0;
INSERT INTO package(package_id, seller_id, tour_id, package_name, package_explanation, package_img, package_start, package_arrive, package_term, package_validity, package_cost, package_closed, package_hit)
VALUES 
('대구여행', 'seller_1', 003,'대구놀이','다함께 대구를','daegu.jpg','2018/05/17', '2018/05/23', '2박3일', 3, 25, '2018/05/17', 0),
('인천여행', 'seller_2', 004,'인천놀이','다함께 인천을','incheon.jpg','2018/08/04', '2018/08/07', '4박3일', 7, 32, '2018/08/01', 0),
('광주여행', 'seller_2',005 ,'광주놀이','다함께 광주을','guangju.jpg','2018/11/12', '2018/11/20', '9박8일', 8, 15, '2018/11/05', 0),
('모스크바여행', 'seller_3', 012,'모스크바놀이','다함께 모스크바을','moscow.jpg','2018/07/02', '2018/07/10', '9박8일', 20, 120, '2018/06/30', 0),
('뉴욕투어', 'seller_4', 014,'뉴욕놀이','다함께 뉴욕놀이','ny.jpg','2018/08/20', '2018/08/25', '6박5일', 42, 250, '2018/08/15', 0),
('런던투어', 'seller_1', 016,'런던놀이','다함께 런던놀이','london.jpg','2018/09/17', '2018/09/23', '2박3일', 48, 300, '2018/09/17', 0),
('몬트리올여행', 'seller_2', 015,'몬트리올놀이','다함께 몬트리올놀이','montreal.jpg','2018/05/04', '2018/05/07', '4박3일', 50, 200, '2018/05/01', 0),
('파리로~', 'seller_2', 017,'파리놀이','다함께 파리놀이','paris.jpg','2018/07/12', '2018/07/20', '9박8일', 14, 240, '2018/07/05', 0),
('퓌센여행', 'seller_3', 018,'퓌센놀이','다함께 퓌센놀이','fussen.jpg','2018/10/02', '2018/10/10', '9박8일', 18, 190, '2018/09/30', 0),
('모스크바여행2', 'seller_4', 020,'모스크바놀이2','다함께 모스크바놀이2','moscow2.jpg','2018/06/20', '2018/06/25', '6박5일', 28, 200, '2018/06/15', 0),
('홍콩여행', 'seller_1', 025,'홍콩놀이','다함께 홍콩놀이','hongkong.jpg','2018/09/17', '2018/09/23', '2박3일', 41, 140, '2018/09/17', 0),
('하노이투어', 'seller_2', 023,'하노이놀이','다함께 하노이놀이','hanoi.jpg','2018/05/04', '2018/05/07', '4박3일', 34, 120, '2018/05/01', 0),
('타이난시여행', 'seller_2', 022,'타이난시놀이','다함께 타이난시놀이','tainan.jpg','2018/08/12', '2018/08/20', '9박8일', 14, 100, '2018/08/05', 0),
('로마여행~', 'seller_3',019 ,'로마놀이','다함께 로마놀이','roma.jpg','2018/08/02', '2018/08/10', '9박8일', 5, 280, '2018/07/30', 0),
('마닐라투어', 'seller_4', 021,'마닐라놀이','다함께 마닐라놀이','manila.jpg','2018/07/20', '2018/07/25', '6박5일', 16, 132, '2018/07/15', 0);
COMMIT;
